LastName,FirstName,Salutation,OtherStreet,OtherCity,OtherState,OtherPostalCode,OtherCountry,OtherLatitude,OtherLongitude,OtherGeocodeAccuracy,MailingStreet,MailingCity,MailingState,MailingPostalCode,MailingCountry,MailingLatitude,MailingLongitude,MailingGeocodeAccuracy,Phone,Fax,MobilePhone,HomePhone,OtherPhone,AssistantPhone,Email,Title,Department,AssistantName,LeadSource,Birthdate,EmailBouncedDate,CleanStatus,AccountId,id
Mario,Richards,Prof.,45933 Guzman Harbors,East Rhondaview,Idaho,54617,San Marino,-48.4030095,-175.023541,ExtendedZip,3160 Darius Gateway,Kristopherville,Montana,61213,Ethiopia,-3.094412,-26.517123,State,+1-228-793-5753x617,292-546-9321,(058)528-0642,457.139.5619,009.210.7491x722,+1-482-446-0550x463,Mario-Richards@example.org,Decision pattern degree whom sit. As wear thought somebody everyone.,Perhaps catch major together grow work say. Then carry show shake difficult.,Carol Mccann MD,Other,7/27/22,1976-05-28T14:07:37Z,Acknowledged,8,1
Melody,Owens,Ms.,86901 Willis Mount,Port Brandonshire,Illinois,28010,Romania,67.3283335,-37.266135,ExtendedZip,6396 Kendra Tunnel Apt. 031,Bentleytown,Utah,61365,Ethiopia,-73.1913195,-128.269118,ExtendedZip,366.897.6560x5300,609-714-5252x09272,001-192-794-5186x2250,569-540-7428,(835)448-7388x5473,238.410.0098x21788,Me_Owens@example.org,Word view budget talk final send choice thank. Argue door fire fill product care.,Last money mission himself. Stay then move man fear establish.,Courtney Hammond DDS,Phone Inquiry,3/15/22,1976-09-01T11:30:12Z,NotFound,72,2
Shelia,Hebert,Prof.,25994 Brett Meadows Suite 338,Kristinamouth,Iowa,41671,Kenya,-55.6327915,144.047877,ExtendedZip,6716 April Mission Suite 739,West Carlos,New Hampshire,77753,Qatar,11.327773,-60.49129,County,001-190-822-8030x010,+1-548-174-4031x6072,+1-161-886-0259x91844,(415)548-1236,001-904-263-9366,685-417-9153,S.Hebert@example.com,Four figure miss some. Table well would old class. Off air case return.,Bag lay tree late husband.,Katherine Salinas,Other,4/16/22,1976-06-10T14:23:13Z,Pending,87,3
Tasha,Lane,Ms.,6898 Zachary Islands,Fredview,Maryland,8103,Algeria,-1.4274625,72.158111,NearAddress,39898 Powell Rapid,Lake Ralphport,West Virginia,5104,Palestinian Territory,37.278283,-167.736415,Zip,(923)331-9611,-9408,230.142.9656,886.179.8866,605.470.6639,175.089.5584x8366,T_Lane2010@example.com,Three wide water point example.,Network defense pull mother. Wrong answer will report.,Wendy Robertson,Purchased List,2/9/22,1985-05-01T13:10:21Z,NotFound,5,4
Crystal,Vasquez,Mr.,37785 Beasley Plains,Hortonberg,New York,84685,United Kingdom,41.4452085,152.580252,ExtendedZip,5308 Edgar Union,Glovermouth,New York,46655,Denmark,52.881909,-43.942288,Address,+1-639-084-1127x575,(552)725-7815x194,(677)286-5190,+1-944-847-7302x795,(971)503-1696,(519)677-6825x85748,Cr+Vasquez1@example.org,Pay much student receive. Stock this different character.,Quite assume result. Ever exactly activity available.,Eddie Porter,Purchased List,6/9/22,1977-05-21T16:28:51Z,Matched,74,5
Norman,Leach,Mr.,1790 Evans Corners,New Catherine,Maine,76895,Romania,27.397483,97.677784,Unknown,80885 Mathis Shore Suite 333,Burnettside,Michigan,50421,Ukraine,-72.975905,-54.938067,Address,001-032-806-8983x0268,751.399.8350x4854,257.737.7589x9324,384-479-8467,001-743-662-8738x1778,9953422402,NoLeach9@example.com,Chance now share dream spring discover. Big deep around. Firm instead set audience.,Real nearly by good according between decide. Prepare next fund store build.,Dr. Miguel Mills,Web,2/10/22,2011-11-03T07:19:49Z,Acknowledged,31,6
Seth,Sloan,Ms.,04008 Meredith Green,New Jimmy,Oregon,15198,Greece,77.464668,127.66197,Address,72720 Fitzpatrick Union Apt. 475,New Belinda,Utah,57249,Timor-Leste,-41.59329,-83.763733,Neighborhood,537-532-9503x901,(053)587-2081,(202)325-6047,001-796-160-1056x14838,975.808.2265x8514,066-359-4489,S_Sloan48@example.net,Senior operation what this movement. Hotel wide go bring color everybody public.,Its last central board operation bank.,Dr. Scott Chase,Partner Referral,7/10/22,2000-04-21T16:35:21Z,Different,63,7
Trevor,Fritz,Mr.,4343 Lacey Track Suite 792,Isabellamouth,New York,64575,Singapore,-53.1485515,-89.024838,Address,1336 Tapia Trafficway,Rubenstad,Connecticut,3149,Reunion,48.0473855,154.569841,State,001-318-789-9840x0165,+1-384-727-5959x5294,(769)208-5009x4370,(222)883-0600,907-747-9978x9255,393.596.6196x0474,Tr+Fritz@example.org,Matter party yet those act may hospital. Finish PM alone green anyone bad.,Including program if. Many in official medical through majority difficult.,Todd Shea,Web,8/12/21,1985-08-10T21:13:42Z,Pending,35,8
Hayden,Martinez,Prof.,01753 Hanna Mission Suite 779,West Carl,New Jersey,24243,Netherlands,73.6700295,-169.981836,Zip,95598 Leblanc Ridge Apt. 280,Hensleyland,Ohio,33051,Comoros,81.447986,-55.391228,ExtendedZip,293-504-3061x217,001-887-840-7627x532,(645)529-2177,032.886.4021x849,630-144-4158,265.294.2264x090,Ha-Martinez73@example.com,Item word cell until put available study.,Country group role truth position market.,Ms. Jodi Garrison DDS,Partner Referral,7/10/22,2012-12-14T14:17:48Z,Different,70,9
Janice,Atkinson,Ms.,87235 Jean Meadow Suite 989,North Kerryview,Florida,24420,Somalia,1.2930535,-162.052974,City,45133 Huerta Manor,South Mallory,New Mexico,35461,Gambia,-10.692521,110.506143,Zip,678.661.8463x62974,+1-622-789-9091x518,001-842-880-4635x19888,734-121-6233x1866,001-432-178-3081x93143,-6478,J.Atkinson80@example.com,Loss land building environmental add. According science cover staff call media red.,Continue whatever beyond ok answer. Carry road true finish land us similar.,Miss Renee Potts,Web,4/30/22,2011-12-01T14:11:06Z,Pending,78,10
Jesse,Lester,Ms.,62313 Teresa Prairie Apt. 175,Greenefort,Kentucky,51847,Argentina,51.1486635,46.304212,Zip,939 Munoz Station,Maciasmouth,New Mexico,15049,Suriname,-22.923473,31.281854,ExtendedZip,328.972.7498x44566,5063030792,317.184.0889x57679,377-955-9842,(543)916-2472,2450642299,J.Lester83@example.com,Mean end unit door condition certain.,Oil plant house bad save hit wear. Start staff yeah form relate guess.,Sergio Spencer III,Web,6/29/22,2008-06-27T02:52:09Z,Matched,41,11
Kimberly,Dunlap,Mr.,6467 Moon Place,Port Samanthamouth,North Carolina,22353,Kuwait,-35.758353,131.676792,ExtendedZip,3916 Michael Dale Apt. 823,South Carolmouth,Kentucky,3341,Sao Tome and Principe,-35.8356845,0.541624,State,6356478037,001-181-535-9951,229-615-3847x1450,(274)358-7564x837,051-451-9633,939.120.8253x047,K.Dunlap1948@example.net,Couple father late story. Positive different move management according none.,How through our stay.,Ms. Taylor Everett DDS,Phone Inquiry,8/26/21,2001-07-11T23:35:28Z,Skipped,81,12
Bradley,Wiggins,Mr.,988 Carlson Bypass Suite 764,Vangport,Tennessee,24533,Tajikistan,19.785065,39.076725,County,938 Mays Fort,East Richardmouth,New Mexico,22614,Malaysia,89.1789275,78.042238,Unknown,001-422-896-3334,001-725-463-2803x0699,(367)544-4047x8760,510.474.1974,393.286.5473x86459,001-434-493-5750x165,Bradley_Wiggins02@example.com,Room bar option action break. Knowledge which think do fast speak record true.,Side too wall. Eye analysis few boy instead place bit. Mind thought doctor.,Elijah Blackwell,Other,7/6/22,1979-07-04T20:52:34Z,Different,24,13
Belinda,Morrison,Mr.,9490 Small Dale,Vanceshire,Montana,82624,Monaco,33.331181,168.652127,NearAddress,273 Tina Mount,Lake Frank,Wisconsin,77254,Western Sahara,33.495733,71.164932,City,735-352-8402x9846,071.309.7560,001-427-883-3246x9149,(913)798-2023x10310,+1-657-266-1304x8713,001-441-956-7301,BeMorrison7@example.org,Tonight people avoid accept. Result several enough answer three experience.,Meeting especially member send sport. Reduce form kind.,Seth Sanders DDS,Other,5/28/22,1998-01-13T06:58:00Z,Different,93,14
Clarence,Mcclain,Ms.,3682 Melody Vista,Hensonshire,Louisiana,65473,American Samoa,6.7873495,-39.71452,County,39267 Garrett Crossroad Apt. 044,South Chris,Arkansas,68128,Liechtenstein,-26.7413855,121.579099,Block,325.508.1603,157.982.7735x681,001-018-704-7837x58489,+1-465-460-8525x32944,(379)385-5996x429,870.525.7852x217,Cl_Mcclain2003@example.org,Specific box a eight education. Late describe scene detail. Serve party for production.,History thing must describe task. Lead stay statement stuff.,Dr. Tracey Jenkins,Purchased List,10/20/21,1997-06-30T05:47:57Z,Acknowledged,54,15
Julian,Trujillo,Mr.,5600 Martha Mountains Apt. 740,Mckinneyport,Colorado,31584,Taiwan,16.998586,-127.003088,Street,2806 Duffy Throughway,Port Amy,Virginia,79420,Denmark,22.1132895,-118.97988,Block,+1-040-164-7857x24365,-4182,4646384957,+1-446-267-2099x786,(540)546-3860x624,(236)445-4511,Julian.Trujillo75@example.net,Hundred name country also cultural. Cultural police him unit could much.,Develop all different activity. Policy hot eye TV skin include several.,Ms. Jordan Salinas,Partner Referral,1/17/22,2017-07-02T02:39:17Z,Pending,85,16
Juan,Fernandez,Ms.,496 Sydney Mews,North Russellside,Washington,9603,Mali,72.211207,-89.635347,Unknown,1394 Figueroa Cliffs,Joelville,Illinois,89825,Chad,20.66427,-120.814529,Street,(639)203-8186,+1-221-244-4202x545,103.394.7697x9983,387-171-3960,395.742.2981x559,404.462.5603x712,JuanFernandez@example.com,"Student she return.
Stage modern young side boy expect sport. Pattern remember want at.",Forward positive high term his. Huge yeah boy professional itself go agreement.,Mrs. Janet Michael,Partner Referral,11/6/21,2003-09-26T11:17:08Z,Acknowledged,7,17
Ronald,Small,Ms.,0666 Judy Station,Cassiefurt,Georgia,1513,Saint Lucia,-11.001434,135.619168,Unknown,813 Colleen Loaf,East Jerome,South Carolina,88117,Trinidad and Tobago,-70.8071765,158.561097,County,904.526.9839,(494)681-4194x58972,559-124-7008x57342,893-168-4300x554,(910)318-5818,797-197-4038x764,Ro.Small86@example.net,Rock them do improve significant college head since. Style detail glass.,Lot risk less red local evening. Tend look board partner.,Mr. Leroy Bryant DDS,Web,7/3/22,2001-06-28T09:00:27Z,Pending,86,18
Tabitha,House,Prof.,5677 Aguirre Dam,Sheenamouth,New Mexico,26425,Ukraine,79.7356335,62.550142,ExtendedZip,6704 Mack Tunnel Apt. 044,East Jacksonburgh,Arkansas,13659,Somalia,18.488075,61.705973,County,+1-547-104-4674x618,594-247-0910x59331,001-492-732-4593,(045)679-6231x920,001-967-987-7187x9569,505-481-8283,Ta-House@example.com,Kid however action along. Picture police school behavior.,Training real institution should trouble. Bank there he home decade.,Dominique Spencer,Purchased List,6/16/22,1971-05-30T12:39:27Z,Matched,97,19
Judy,Hull,Ms.,946 Haley Flat,Lake Kellyton,Connecticut,29166,Svalbard & Jan Mayen Islands,83.811031,31.618721,County,5246 Mata Point,New Gina,Montana,4957,Luxembourg,-53.9959565,-2.363733,ExtendedZip,559-373-5797,388-163-7785,716-291-5349,916.001.0045,088-220-2854x569,2674499122,J+Hull@example.org,Yeah foot turn idea. Character simply benefit buy.,Simply friend sign idea. Even attack walk major her anything fast.,Dr. Alex White PhD,Other,7/31/22,1978-05-27T15:53:57Z,Matched,88,20
Audrey,Hughes,Ms.,10895 Lori Fall Apt. 897,North Gregmouth,North Carolina,92116,Croatia,-0.7838945,-118.65071,City,8239 Ayers Island,New Tristan,Vermont,41344,Belgium,-8.76362,-175.66775,Street,065-909-4487x1436,+1-766-811-7300x4358,001-252-249-6766x50534,(217)334-5834x141,001-543-563-8483x450,001-483-635-6307x3201,Audrey+Hughes@example.org,Total suffer kid. Station technology take or partner bar.,Card some form tree serve partner. Measure girl three.,Louis Mahoney,Partner Referral,11/22/21,1986-08-27T18:52:21Z,Different,37,21
Joshua,Woodard,Mr.,811 Kurt Valley,Richardside,Utah,45793,Thailand,-11.0966485,5.0058,City,25217 Casey Dam Apt. 642,New Madeline,Michigan,94995,Spain,-80.2959795,-76.600784,City,(685)212-1827x147,904-378-9251x535,+1-993-038-6725x232,001-012-033-6907x213,819.816.5963x34239,(755)616-3999,Joshua+Woodard06@example.com,Would guess south no subject. Interview body anything mean. Everybody letter whole network.,Once explain education pass maybe night affect nice.,Dr. Tracey Austin PhD,Phone Inquiry,11/1/21,1985-04-29T03:50:25Z,Inactive,44,22
Nicholas,Merritt,Ms.,431 Ariel Mount,Joelton,Nevada,25181,Svalbard & Jan Mayen Islands,-12.044607,34.399473,ExtendedZip,64300 Tanner Street Apt. 975,Lake Rebeccaport,Texas,73599,Saint Helena,33.2510405,-36.078562,NearAddress,521-115-2033x2160,9589731538,(968)410-1717x849,7204867493,672.085.2931,+1-173-209-1072x90022,N_Merritt1948@example.net,Partner clear store forward. Box until source red.,Daughter various whether line dinner environmental lawyer it.,Ian Banks,Partner Referral,9/22/21,2020-08-08T00:16:38Z,NotFound,46,23
Martin,Wang,Prof.,024 Jermaine Trail,North Ross,Nevada,87907,Croatia,-76.6534915,-112.732876,Block,16823 Dan Club Suite 949,West Johnborough,Maryland,9426,Macao,55.211943,176.183401,ExtendedZip,390.867.6654x66213,+1-639-921-9130x6668,001-479-406-5125x8296,(570)679-4229,001-675-299-0644x17717,+1-183-277-9622x30975,Martin_Wang1957@example.net,Ask century recent. But window what performance agent enter.,Or expert environmental attorney war step.,Francis George IV,Phone Inquiry,9/26/21,1977-03-18T15:46:46Z,Inactive,59,24
Howard,Reid,Ms.,0905 Diamond Parks Apt. 993,New Erika,Utah,21849,Gambia,0.583288,-108.646883,NearAddress,33152 Malik Court,Padillachester,Alaska,96734,Mayotte,74.584969,98.123386,NearAddress,(152)489-7797x30322,317-697-3727,634.951.9884,096.781.8811x350,(101)397-6650x244,(890)603-1726x7820,HoReid1@example.com,Beautiful peace represent. Outside society area more smile major she.,Cause age appear collection. But add new high ever individual pattern.,Edward Wilkins,Other,1/30/22,2017-07-16T02:21:25Z,Inactive,66,25
Jordan,Tapia,Ms.,324 Chung Extension,Warrenborough,Maine,50545,Albania,-82.5816215,64.766691,State,4114 Mclaughlin Mission Apt. 534,Darinport,Tennessee,82920,Jamaica,34.13494,139.205609,Street,(549)841-2415x3711,982-629-1404x43345,992.145.2254x580,001-372-545-3074,+1-816-158-6259x4617,001-984-063-1878x635,Jo.Tapia68@example.net,Serve learn candidate after. Citizen order dream hair myself lead.,Care attention business among myself lead kid return. Must sell page.,Miss Tara Sexton,Other,1/22/22,2016-12-01T11:13:44Z,NotFound,14,26
Jared,Mccormick,Ms.,94777 Houston Plains Suite 892,Seanmouth,Hawaii,43487,Colombia,-30.438424,34.936804,Neighborhood,16171 Zamora Parks,Mcgeeton,North Dakota,93905,Russian Federation,-15.1594095,132.559731,City,(903)932-4347x87606,2558289590,(405)408-6201x131,001-964-063-3107,(692)271-0629x75604,+1-071-327-1898x47750,Ja_Mccormick0@example.org,Level meeting training security policy. Science rise relationship option place hair.,Magazine sound per worker star leader growth.,Dr. Tommy Reid V,Other,1/19/22,1995-10-31T07:18:55Z,Pending,28,27
Faith,Christensen,Ms.,6003 Vickie Estates,New Dean,Florida,45481,United Kingdom,-46.025228,-107.699355,Unknown,81935 Natalie Center Apt. 685,Mezafort,Michigan,97882,Aruba,-16.1334425,5.243522,City,(300)844-2966,061-067-0303,-9876,906.657.9364x5207,(088)076-5261x3107,+1-609-338-2528x66161,Fa+Christensen2000@example.com,Short can region fund student. Inside commercial act worker assume decision yeah.,Stock image happen job peace if item teacher.,Shannon Davis Jr.,Partner Referral,7/4/22,2021-04-30T10:44:26Z,Inactive,68,28
Alex,Mckenzie,Ms.,6187 Darin Plaza Apt. 539,Timborough,Texas,40876,Finland,-89.4279735,139.808777,Zip,76310 Kirk Islands,Bergland,West Virginia,98507,Costa Rica,-53.7378115,-21.564042,NearAddress,803.057.6898,001-787-692-5173x4625,385148371,001-173-005-3016,004-712-3678x0784,+1-298-123-7248x6116,Alex-Mckenzie@example.org,"Buy ready treatment ago. Machine require wish I Mr young.
International once protect seem within.",Word whose drive wear president American. Put second chance subject choose.,Dr. Brad Pacheco,Partner Referral,2/3/22,1999-12-19T04:45:14Z,NotFound,27,29
Adam,Rivas,Prof.,367 Casey Parkways Suite 957,Beltranbury,Arizona,32180,Isle of Man,74.6918185,-113.224383,County,43517 Jill Ramp,South Jackmouth,Kansas,74896,Namibia,26.648451,27.334532,City,001-540-699-0997x6049,+1-659-545-4966x75626,306.286.5551x67869,5665495893,(306)860-1022x76852,001-049-860-1659,Adam-Rivas74@example.com,Cultural argue quite claim foot.,Tough again senior check money unit mention.,Miss Nicole Norton,Web,8/28/21,1970-03-08T23:45:28Z,Skipped,16,30
Dustin,Tate,Ms.,69082 Contreras Mountains,Acevedofurt,Nevada,31631,Kazakhstan,-54.860731,-107.497478,County,972 John Run,Cassidychester,Massachusetts,85547,Croatia,-51.919105,-64.865387,Unknown,641-362-2116,+1-440-717-5227x097,660.620.1639x845,(903)965-7390x518,525-224-6504x187,154.032.4769x821,Dustin_Tate65@example.org,"Music provide many again.
Food tell career after. Both avoid community article prove appear black.",Letter hard table. Suggest while name run large. From stage he.,Dr. Jason Khan,Purchased List,2/24/22,2015-03-15T23:39:33Z,NotFound,51,31
Tracey,Osborn,Mr.,28589 Chelsea Fall Apt. 301,Masonmouth,Indiana,96317,Botswana,15.691245,-103.908591,Block,689 Everett Plains Suite 145,Mataport,Georgia,70412,Yemen,3.2440105,-115.085605,Block,6316170235,5568475270,-7244,229-544-1046,023.478.2981x830,101.920.3362,T.Osborn6@example.com,Situation education art everything seat theory. Response story company the require.,Near ahead writer care off hit those. Tv everything play.,Alyssa Boyle DVM,Other,2/1/22,2009-06-03T07:47:21Z,Skipped,42,32
Phyllis,Fuentes,Ms.,776 French Parkways Apt. 952,Prestonmouth,Florida,41102,Kenya,-35.791617,175.994769,ExtendedZip,5085 Cherry Track,Krauseside,Tennessee,66421,Macedonia,38.254578,176.811156,Block,(936)789-4243x316,(086)846-6920x2921,-7857,001-760-145-5256x290,(973)525-1182x458,739.766.5222x358,PhyllisFuentes09@example.com,During talk own environment indeed I yes identify. To it know word woman require.,Appear air mission energy. Bag main real partner. Seat north either.,Miss Charlene Kaiser,Purchased List,8/8/21,1988-10-15T12:14:48Z,Inactive,76,33
Kenneth,Santos,Ms.,915 Shields Junction Apt. 917,Dorisview,Delaware,29654,Philippines,-62.8161055,177.071689,Zip,329 Ernest Place,Reevesview,Massachusetts,9043,Eritrea,10.3125405,0.052421,Zip,174-782-5360x80950,(110)907-7780,(410)747-4416,+1-846-947-2954x67517,9485047673,+1-685-402-5650x529,Kenneth+Santos@example.net,Race a close. Good story reach risk pretty business great.,Upon control record relationship check else floor these.,Dr. Calvin Chaney MD,Purchased List,10/19/21,2001-07-18T04:55:39Z,Matched,95,34
Jonathon,Barajas,Mr.,281 Gabriel Shore,Barnettville,West Virginia,64973,Egypt,-13.3268985,-147.222116,Block,982 Wu Courts,New Mallorytown,Oregon,15976,Turkmenistan,50.915027,172.599904,Address,052.375.3097x890,558.719.8034x0772,+1-254-730-0812x03283,098.233.8793x33064,(140)234-3985,+1-717-264-3649x07868,Jonathon-Barajas79@example.com,Former back difference different allow room artist western.,Along institution effect treat thus. Trip my black newspaper today.,Yesenia Beltran,Phone Inquiry,12/19/21,2002-11-23T18:29:00Z,Inactive,23,35
Jay,Robles,Mr.,4353 Abigail Plains Suite 147,North Jason,Arizona,42524,Bangladesh,-0.938152,1.994513,Block,460 Salazar Inlet Apt. 802,Edwardshire,Georgia,58875,Tunisia,-52.5878985,117.308365,Zip,211-304-9034,001-635-088-9088,(951)542-0789,650.179.8496x1803,298.551.8269x5619,(682)275-2870x751,Ja.Robles89@example.net,Her change president. Race box crime likely. Seat Republican style bar example door current.,Them morning after. Appear economy source finally information sit environment.,Jaime Howard DDS,Web,4/25/22,1991-07-31T08:15:35Z,Different,55,36
Breanna,Fleming,Mr.,2384 Bradford Roads,East Cassandrashire,Kansas,36838,Reunion,-78.016187,15.320674,County,89824 Henry Ports,Lynnborough,Illinois,70560,Croatia,-73.4860925,-113.152602,Street,(465)094-5443,498.755.7969,511-295-8014,708-944-4348,(538)769-0719,7276371840,Br_Fleming1990@example.org,Her position minute seem catch prepare soon. Kid prove allow explain wonder land policy.,National east prove teach. Teach road role position partner even discover.,Mr. Christopher Carter,Purchased List,5/1/22,2000-06-04T18:15:08Z,Inactive,49,37
Mindy,Irwin,Ms.,01136 Hopkins Cliffs Suite 669,West Samanthamouth,North Carolina,34712,Guinea-Bissau,-68.619783,29.642256,ExtendedZip,944 Riddle Station Suite 010,Aaronchester,South Dakota,70894,Angola,-71.4991225,137.623821,County,(784)400-9570x3106,717-540-9557x257,(449)567-0564,+1-461-387-4461x62829,882-438-3302,658.350.2657,Mindy+Irwin46@example.com,Give citizen today throughout. Local admit heavy religious rich.,Perhaps environmental adult great. New change past nothing.,Miguel Combs III,Partner Referral,11/29/21,1980-11-08T00:42:31Z,Different,80,38
Omar,Nicholson,Ms.,72562 Lawson Ville Apt. 697,New Anna,Pennsylvania,29333,Armenia,-68.929024,9.333457,NearAddress,9123 Williams Roads Suite 049,North Jermaine,Vermont,73779,Liechtenstein,63.1946905,-143.033173,ExtendedZip,7313216061,841-084-7522,(424)909-9045x4031,884.972.0027,010.476.8031,979-224-2597x66222,Omar.Nicholson2001@example.org,"Cost argue avoid.
Assume site team serve future red close enjoy. Here well national head close.",Create rather tough. Big join deal thank crime former out.,Mr. Shaun Hull,Phone Inquiry,7/10/22,2008-07-25T03:01:26Z,Different,29,39
Don,Estes,Mr.,418 Harrington Bypass,East Eduardoport,Nevada,41595,Jersey,-0.317086,12.418787,Unknown,33505 Joanne Road Apt. 780,South Kimberlyville,Arkansas,16529,Lithuania,-22.5084975,-81.073286,City,(263)966-1483x620,+1-678-800-6695x382,(388)291-7932x4761,028-430-4199,001-753-725-1254x32267,001-066-463-6540x355,D-Estes1@example.org,Two create lay character strong. Involve natural opportunity large.,Address control soon center personal. Could available ask box concern.,Leonard Rocha DVM,Other,4/19/22,1994-08-13T01:16:00Z,Pending,79,40
Gloria,Lambert,Mr.,48523 Barry Run Suite 788,North Lisachester,Tennessee,94500,Burundi,-10.6503685,-46.084337,City,2170 Crystal Motorway Suite 631,Friedmanmouth,Minnesota,25423,Saint Kitts and Nevis,53.182879,-33.022432,City,(789)389-8657x921,+1-966-332-9535x6054,+1-486-622-3674x23263,+1-519-433-8269x1446,144.538.1005,502.190.2880x090,GloriaLambert05@example.net,Provide good significant year see. Two share cultural third military.,Recently dinner laugh blood seem. Official address answer spend able.,Dr. George Mcdaniel III,Partner Referral,8/14/21,2018-07-09T02:17:43Z,NotFound,30,41
Gina,Kaiser,Mr.,25005 Clements Greens Apt. 123,Edgarhaven,Utah,33075,Slovenia,-86.96743,-41.493401,Street,4760 Dan Fork,New Joseph,Missouri,2071,Hong Kong,3.8883635,-131.998119,Street,650.551.2671,(266)012-3485,+1-704-304-2806x9188,(289)172-8664x30018,471.076.2046,(988)630-2254,GinaKaiser6@example.org,Food space president police onto however. Nice there stage economic.,Strategy science its with happen writer set. Minute both them.,Dr. Thomas Mayo,Phone Inquiry,4/9/22,1987-04-04T00:31:11Z,Inactive,40,42
Anthony,Frey,Mr.,0829 Yoder Dale,Tammieburgh,Kansas,80155,Timor-Leste,-19.9756515,134.770314,ExtendedZip,29966 Barbara Station,Summersville,Wyoming,72249,Thailand,11.835155,25.459014,Unknown,-7947,333.818.0796x67808,808.278.5663,133764143,+1-651-800-8003x832,635-309-2886x8993,AFrey01@example.com,Hand peace himself out author war floor. Prove physical future true would recognize.,Single worker lose time least.,Craig Meyers,Phone Inquiry,11/5/21,1975-08-22T06:53:08Z,Acknowledged,34,43
Scott,Manning,Mr.,980 Noah Springs,Port Jesus,Arkansas,31221,Taiwan,52.103692,-119.402886,State,202 Pearson Mission,Hammondbury,Nevada,11821,Trinidad and Tobago,-88.787658,-91.475432,NearAddress,(759)656-5521x2094,001-317-282-0194x05598,422-715-2298x077,(300)425-6382x64473,100146285,+1-846-920-1632x291,Sc+Manning79@example.net,Crime dream center from. Front material although white serious. Arrive whole improve can.,Employee live together. Generation teacher choice material beat the boy.,Cynthia Kim,Phone Inquiry,12/1/21,1998-02-24T11:40:15Z,Acknowledged,4,44
Brandi,Mooney,Ms.,7373 Fitzgerald Ferry Apt. 155,Mcfarlandbury,New Hampshire,64958,Germany,-38.8630865,-18.592329,ExtendedZip,0822 Joy Lake,Gilesmouth,Nevada,24663,Iceland,-75.6387465,66.994387,Zip,(558)039-6909x37104,323.695.3891x780,001-125-762-0556x652,372-466-1497,001-554-066-5569x53723,+1-400-471-2709x7452,Brandi_Mooney@example.net,Message which window trade fish. Before second stop sing amount quickly.,Relate through push risk. Try live article PM bar center point.,Mr. Ray Weiss,Other,6/18/22,1971-02-03T16:20:54Z,Different,56,45
Dave,Sanders,Mr.,43188 Colon Centers Apt. 041,Robertsonfort,Connecticut,50802,Denmark,43.4544375,-122.702747,ExtendedZip,187 Brendan Fork,Lake Justin,New Mexico,38858,Palau,1.2507425,-37.970054,ExtendedZip,-3898,001-590-896-2176x958,(643)325-2838,001-901-170-2939x24343,001-187-284-1061x319,720-242-3992x195,D+Sanders@example.net,Central minute serve letter born. North simple attention we.,Adult any foot foot TV American create.,Dr. Ariana Holmes,Purchased List,9/15/21,1975-06-12T08:59:06Z,Matched,43,46
Mia,Petersen,Mr.,3987 Greg Port Apt. 344,West Diamondport,Kentucky,36863,Serbia,-55.351995,-5.74877,City,716 Sanchez Hills,Isabelfurt,Minnesota,88628,Guatemala,-65.9244485,-21.681683,NearAddress,054-032-9785x415,612-909-3189,828.940.2091x03427,633-008-9293,543-984-6371,841.937.6937x788,Mia_Petersen@example.org,"Simple poor choose down.
Citizen information woman firm. Effect special big through boy.",Sort agent large medical attack upon. Imagine chair successful tend model.,Gregory Ho,Purchased List,12/7/21,2001-09-14T07:22:20Z,Matched,91,47
Glenn,Dunlap,Dr.,7776 Day Parkway Suite 622,Mortonbury,Kentucky,89395,Libyan Arab Jamahiriya,31.4572495,-24.176946,City,2762 Baxter Junction,West Glenntown,Minnesota,23178,Fiji,70.6245435,94.241257,City,(749)190-8638,921-905-9442,611-490-0319x6539,4879742708,729-048-1404x050,273-771-9603,GDunlap1968@example.com,At actually where why remember guy three. Either occur book consumer ever.,Never open force head win drive. True magazine particularly business couple.,Miss Loretta Norton,Other,3/28/22,1974-08-14T20:48:21Z,Different,82,48
Regina,Todd,Ms.,394 Sampson Estate,Gilbertberg,West Virginia,91027,Puerto Rico,-65.9747895,67.504056,Street,474 Rios Rest,Oneillstad,Connecticut,55579,Zambia,1.7280955,165.269095,Zip,001-603-937-3144,538-146-6165x364,555-710-6748x938,944.373.7804,-4024,+1-404-329-8806x0220,R_Todd@example.net,Report space customer push evidence. End several when billion.,Talk leave generation let final. Agree behind what pull environment president.,Joanna Bowers MD,Phone Inquiry,7/1/22,2001-07-19T17:53:02Z,Different,47,49
Ruth,Griffith,Dr.,66211 Hobbs Viaduct Apt. 913,East Kayla,Missouri,72539,Germany,22.2564705,141.66908,Zip,8495 Chad Overpass,Ninastad,Wisconsin,74207,Chad,-58.6986535,-35.256121,Neighborhood,+1-231-941-8450x009,+1-690-278-3375x0287,405912171,2120829578,001-195-426-0149x820,(636)982-7401x1043,Ru-Griffith84@example.org,Generation size human. Town improve military arrive ten standard up send.,Try key stop action. Actually government rock lose two eat.,Warren Joseph III,Purchased List,9/29/21,2011-12-27T22:10:50Z,Skipped,65,50
Jamie,Stafford,Dr.,6229 Julia Manors,New Christopherchester,Iowa,84743,Congo,15.2074385,62.20279,NearAddress,97801 Sheena Lights Suite 578,Grantfurt,Georgia,72174,Bahamas,8.676057,-131.554149,Address,001-953-378-9582x042,842.681.6536x019,762-302-5603x7146,532.854.6592,263-591-9176x2997,493.577.2949,JamieStafford@example.com,Activity see public movement consider. Memory although film move arm seek.,Play standard bar person apply outside.,Dr. Stacy Archer DDS,Partner Referral,4/16/22,2007-09-15T06:39:28Z,Different,96,51
Sheila,Fitzpatrick,Ms.,080 Mason River Apt. 789,South Vickie,Oklahoma,15630,Swaziland,82.8956465,144.210693,Unknown,60563 Curry Harbors Apt. 625,Mullinsburgh,Idaho,82822,Montenegro,68.4217725,-149.511873,Unknown,(696)085-9393x030,(095)009-0712,082-172-4239x1293,2085998995,943.972.2881,(290)538-2240x8970,Sh.Fitzpatrick8@example.com,Radio nor may police much place. Help set toward agent. Maintain character several former.,Job response book. Throw officer section check college.,Mr. Johnathan Schmitt V,Web,3/7/22,1985-08-08T15:13:31Z,Pending,64,52
Gene,Beck,Dr.,0120 Kaitlin Harbors Suite 878,Brentmouth,Missouri,65866,Nigeria,31.268568,2.850807,City,5441 Giles Terrace,New Gabriella,Wyoming,53582,Puerto Rico,75.7351475,-45.596174,Zip,001-487-742-4335,544.091.8937x469,024-846-3836x4729,993.945.7030x89471,051-040-1808x8704,5973508332,Ge_Beck4@example.net,Opportunity issue chance several tax. Must treatment position newspaper grow check easy.,Great toward trade their organization throughout point.,Luis Erickson IV,Other,9/15/21,1978-01-20T10:10:06Z,Pending,52,53
Bridget,Welch,Mr.,307 Louis View Suite 688,Lake Amy,Nevada,76811,Heard Island and McDonald Islands,89.0846505,50.132429,State,0023 Buck Center,Loweryfurt,North Carolina,32977,Cuba,68.6632235,-138.832053,Address,240-394-2179,110.903.2120,(826)405-4599x34243,+1-568-366-7604x6346,001-943-968-5783,944.556.3729,B_Welch@example.com,Professor instead agency. All join good walk. Establish five perhaps.,Agreement religious lay growth now your. Focus administration step like.,Dr. Kendra Randolph,Purchased List,11/18/21,1972-04-24T22:56:16Z,Matched,83,54
Maxwell,Page,Prof.,14655 Meadows Union Apt. 555,Shieldschester,Alaska,10194,Paraguay,-85.4281825,-12.212946,Block,87452 Li Row,Brandyberg,Arkansas,86737,Tokelau,71.1627355,90.958192,NearAddress,944.675.9180x121,-2753,(722)506-5662,150.918.5486,9786728251,(545)664-3547,Ma_Page@example.com,Seven edge important five. Talk pick training brother find difference. Face reality beyond.,Trouble boy here far doctor seven. Your long if agree professor as.,Dr. Lorraine Rollins,Phone Inquiry,8/25/21,2018-04-21T15:06:17Z,Inactive,71,55
Rose,Morris,Ms.,18212 Carla Walks,South Earlshire,Idaho,18351,Iceland,-38.345141,106.930003,County,3349 Edwin Circle,Calvinborough,Mississippi,77939,Guyana,44.950416,89.810835,Neighborhood,(213)557-4709,(729)715-1307x256,(000)714-7663x1404,(100)517-1219x1262,677.817.8441x2670,602.010.8223,Rose+Morris0@example.net,Federal place off spend method that. Somebody whether relate teach take yes.,Rest her organization particular minute worry network.,Dr. Kayla White,Phone Inquiry,11/3/21,1973-05-14T22:42:30Z,Different,38,56
Jackie,Hoover,Ms.,547 Donna Forges Suite 323,West Earl,Mississippi,758,Pitcairn Islands,79.815449,159.716757,State,545 Ryan Square,Brandonborough,Michigan,1731,Norfolk Island,71.190569,-113.361827,Address,001-416-427-5044,689-833-3859x108,+1-954-261-4066x44086,001-424-878-9711x587,-6189,056.053.3507x667,Ja_Hoover8@example.org,Door thing our. Boy still positive yard gun nor.,Sit happen alone girl. Without they food relationship someone.,Miss Kayla Roy DDS,Partner Referral,11/17/21,2021-02-21T13:56:20Z,Acknowledged,45,57
Destiny,Richard,Dr.,0013 Richmond Hollow,East Brittneyhaven,Florida,1151,Bolivia,-62.5625555,148.847889,Address,61908 Mcknight Shore,South Stuart,Vermont,39036,Kuwait,48.2707905,12.775128,Unknown,(748)890-1041x970,+1-191-497-4740x78267,-6802,74986435,861.147.4552x925,635.104.3645,De.Richard1956@example.com,Spring build early. Enough mention position foreign character religious population.,Magazine skin hit onto. Structure year model she above.,Dr. Leonard Williams PhD,Purchased List,5/23/22,2021-07-30T09:49:36Z,Acknowledged,18,58
Kylie,Fitzgerald,Ms.,889 Wright Trail,North Graceview,New York,50737,Austria,-49.116067,-32.167051,City,72839 Carolyn Neck,Erinport,Florida,88783,Finland,-68.66771,-143.734883,State,724.538.2057,(336)956-1131x0751,+1-929-394-5286x96135,001-129-697-2424x66517,(518)786-1439,+1-584-894-6743x7041,Kylie.Fitzgerald@example.net,Everything return suggest themselves figure himself. Blue leave material water plant seven.,Discuss not space explain officer grow during situation.,Mrs. Kari Huynh DDS,Other,4/21/22,1971-09-03T06:11:32Z,Matched,57,59
Amber,Bridges,Ms.,01415 Caitlin Plaza,North Darius,Ohio,56695,Bahrain,-50.312532,17.523611,Street,14973 Savage Forks,South Jeremymouth,South Dakota,51193,Turkey,-19.689046,-162.41989,City,185-917-7081,539-198-4519x8501,+1-004-866-5823x97745,810.869.7623x15171,001-355-633-8845x157,001-539-621-3338,ABridges64@example.net,Guy everything month discussion on own government agent. Speech outside either although.,Already center trade cut structure establish a.,Dr. Stanley Larson,Phone Inquiry,10/20/21,1987-04-13T02:23:18Z,Pending,20,60
Victoria,Mills,Ms.,2008 Briana Plains Apt. 849,West Bettyton,Oregon,73202,Christmas Island,-13.3652455,-57.969698,County,855 Hinton Hill,Dustinton,Minnesota,12407,New Zealand,-54.5244885,145.924093,Block,703.586.8420x2139,924.626.5823x11755,(068)069-0693x39054,415-721-7023x689,(269)800-3435x9864,+1-383-832-3378x79696,ViMills1983@example.org,Training purpose kitchen white board. Place station fact most remember.,Require myself everything do travel wonder.,Erik Galloway III,Phone Inquiry,6/13/22,1997-04-11T05:49:36Z,Acknowledged,33,61
Holly,Cabrera,Mr.,7359 Katrina Light,North Richardview,Ohio,26548,Greenland,-38.909142,-5.718928,Neighborhood,68963 Novak Shores Suite 867,South Tamishire,Maine,40152,Tanzania,77.4244085,71.46764,NearAddress,267.494.3775x1720,031.470.8341x0494,374.604.1899x870,001-352-470-0816,124.134.9091x6087,383.780.0896x351,Holly+Cabrera4@example.com,Day control surface price. Movement use during. Stock human improve available area main other.,Collection build house upon serious. Truth nor process traditional current.,Dr. Shannon Rivers III,Phone Inquiry,4/24/22,1993-04-13T22:48:01Z,Acknowledged,22,62
Jenna,Arroyo,Ms.,6878 Sheryl Port,East Melanie,Missouri,76955,Chile,-16.5003315,-76.222456,Street,30825 Miranda Common Apt. 932,Arellanoburgh,Wisconsin,96342,Myanmar,-67.9496845,30.011249,NearAddress,724-040-2827x4639,867.637.7167x085,+1-415-575-3259x10955,9144568820,(995)822-9438,7836101854,JeArroyo1983@example.org,Pass past federal appear official television situation. Night hot believe garden.,Effort hope young recent middle law value. Important environmental early.,Sabrina Wolf,Web,3/11/22,1986-04-21T07:18:16Z,Inactive,69,63
Ashley,Benjamin,Ms.,225 Brian River,Saratown,Kentucky,66750,Uzbekistan,11.672085,-132.182245,Address,90313 Francis Oval,New Shirley,New Hampshire,37833,Holy See (Vatican City State),53.417666,53.726514,City,001-606-974-5678,-3015,+1-531-315-1201x2690,310-741-1493x161,917.349.2212x12142,227.860.2317x119,Ashley_Benjamin66@example.org,Woman believe same tree. Everybody just toward various.,Inside beat join occur. Picture data concern call letter point.,Ms. Becky Mayo DDS,Web,8/28/21,1974-06-20T14:10:57Z,Pending,98,64
Dwayne,Summers,Mr.,2687 Ian Isle Suite 691,Port Traci,South Dakota,17760,Cocos (Keeling) Islands,30.996246,104.778865,NearAddress,94518 Paula Island Suite 871,South Joelborough,Indiana,82202,Palau,63.180014,-27.928306,Street,370127384,584.999.6005x2829,5346828488,6329881492,982.712.3356,001-649-602-9428x87320,Dwayne_Summers44@example.org,Difference painting radio worker remember. Father stuff receive. Rock environment also war hundred.,Story speak degree. Nothing season resource course nearly discuss next.,Mr. Lonnie Bruce,Purchased List,7/12/22,1996-01-11T14:59:43Z,Inactive,9,65
Savannah,Harrell,Mr.,45033 Suzanne Inlet Apt. 113,East Jaimeburgh,Florida,62861,Uruguay,87.2618125,-27.659045,NearAddress,4846 Megan Mount,Peterberg,Mississippi,9341,Cape Verde,33.6715505,-74.034164,Street,(824)332-8590x130,184.887.4453,388-440-0485,390-060-6962x61681,+1-052-092-1196x36203,+1-507-410-6274x199,Sa_Harrell61@example.org,Friend management cell mention through fall. Because sense economy local something. I relate onto.,Especially seven window do home. From according business fund visit discover.,Clarence Maxwell V,Web,11/14/21,2019-11-08T22:32:14Z,NotFound,2,66
Robyn,West,Dr.,414 Moyer Crescent,Allisonstad,Maine,20821,Cuba,-28.2413415,-53.131623,Street,02248 Barrera Fords Apt. 856,Alexanderstad,Mississippi,5433,Nauru,40.9828445,-33.215602,ExtendedZip,663.301.6361x8734,001-309-045-5086,+1-190-006-9072x9627,(447)931-0890x18794,379.205.1585x6639,(306)734-1642,Robyn-West6@example.net,Cut candidate authority personal husband. Avoid sense teach show ok. Article sing policy house but.,Through inside newspaper player form. Past fund share. Tend amount size.,Mr. Jared Garrett III,Other,6/12/22,2004-03-13T20:11:08Z,Skipped,92,67
Chelsey,Lawrence,Ms.,423 Franklin Grove Suite 500,South Brandi,Iowa,91765,South Georgia and the South Sandwich Islands,77.7398255,-144.280088,Neighborhood,48067 Wu Via,Mitchellshire,Illinois,82938,Turkey,-12.6208535,-12.339968,Block,929-599-5886,001-415-601-2953x3209,001-274-801-0387x6585,(279)231-9682x638,(726)095-4040,+1-603-117-3881x335,ChelseyLawrence4@example.net,Really hit artist father. This brother fill claim certainly. Material media line.,Population buy tree see international. Leave now who environment.,Isaac Espinoza DDS,Web,6/24/22,2018-05-11T21:21:35Z,Pending,13,68
Antonio,Patel,Ms.,6272 Guzman Highway Apt. 219,Josephfurt,Mississippi,14339,Bouvet Island (Bouvetoya),-45.302177,0.833043,ExtendedZip,05167 Huang Spur Suite 129,Popefurt,Vermont,92007,United Kingdom,-13.0539705,149.557485,County,001-249-107-2163x29497,(842)435-8692x1144,379-377-3803,678.166.8917x58381,-3580,+1-931-555-8908x41937,An+Patel2007@example.net,Whether really like. Than prepare treatment teacher meet.,Cause response simple box among interview staff many.,Latasha Keith DDS,Phone Inquiry,5/8/22,2020-11-18T12:54:41Z,Inactive,89,69
Logan,Hensley,Ms.,0099 Foster Flats Apt. 455,South Joland,West Virginia,96757,Guatemala,-6.2273265,-108.103219,Address,8683 Gwendolyn Creek Suite 804,Maryburgh,Iowa,74047,Panama,-62.659178,140.894434,Neighborhood,798.214.8319x61339,1244325612,273.181.2059x806,001-754-857-7228x585,001-323-890-4557x50612,(989)614-8349x282,L.Hensley1942@example.org,Source challenge time happen sit evening stock. Probably two someone. Approach number plan gun.,Song other general side join. If movement guy fish.,Stanley Webster,Web,1/9/22,1999-05-26T08:53:56Z,Inactive,90,70
Kristin,Arellano,Ms.,16976 Yvette Well Suite 563,Lake Shawnton,West Virginia,1962,Myanmar,-56.747987,73.17148,ExtendedZip,780 Newman Prairie Apt. 800,West Cherylmouth,Wisconsin,85823,Cyprus,-30.01227,28.126001,ExtendedZip,-5379,(940)867-1195x6887,505.114.7571x4074,+1-951-456-0158x532,001-024-430-1430x3194,629.276.6180x4296,KArellano1998@example.net,Admit born scene.,Later trouble case year. Dinner site data nor. Main bad husband sea here agree.,Mrs. Gwendolyn Marshall,Partner Referral,9/1/21,2021-05-09T10:30:01Z,Pending,73,71
Richard,Morton,Prof.,6750 Moyer Inlet,Lake Elijahshire,New Hampshire,95099,Peru,61.382959,-148.114356,Neighborhood,90971 Kelly Alley,Peggyville,Wyoming,99296,Nigeria,-14.9944835,-2.48007,Block,3578899006,(470)411-9839,3399231510,970.177.2177,+1-311-391-8729x6359,715.137.0685x15231,R+Morton@example.com,Music use hold none. Level order teacher job. Ready significant shake concern anyone through.,Before six senior appear she. Land difficult mission want add third.,Mr. Lawrence Klein,Other,5/15/22,2010-05-21T10:35:04Z,Different,17,72
Vanessa,Brennan,Ms.,0182 Jeffrey Drives,Lake Darius,Ohio,31248,Korea,-74.0786015,19.8232,State,69372 Jared Squares,Wisestad,New Mexico,39671,Sao Tome and Principe,-33.980352,10.142378,ExtendedZip,4978924773,-5571,001-625-074-6274,061.393.4083,673-712-6663,-2512,VBrennan2004@example.net,Difference decision man property. Magazine first face first.,Professor security line. Hard choose life strategy.,Miss Roberta White MD,Web,7/2/22,2007-09-08T13:40:29Z,Skipped,75,73
Tom,Hinton,Mr.,265 Blake Highway Suite 365,Brockville,Wisconsin,99394,Oman,1.7154175,-170.870212,State,123 Suzanne Junctions,North Jim,New Jersey,46437,Bangladesh,-86.564567,-146.129658,Unknown,2896508145,193.542.0700,895-692-5422,461-492-7855x743,(445)764-4647,479-194-8419,To.Hinton3@example.net,Current floor character behind. Energy fly west most place.,Recognize project force stage open attention structure.,Mr. Taylor Osborn Jr.,Other,11/3/21,1981-03-23T23:20:23Z,NotFound,11,74
Jared,Mcgee,Mr.,2805 Ethan Villages,North Alison,Rhode Island,13719,Bahrain,12.1807795,-85.939451,Neighborhood,535 Rasmussen Brook,East Jefferyport,Wyoming,58011,Austria,19.3688265,166.872139,Unknown,356.503.8609x8501,-7570,(597)296-9940x12779,807.855.7926x14910,840.946.3513x57005,029.880.4241,J+Mcgee43@example.org,Adult one coach onto development actually body responsibility. Pattern sit like least operation.,Should middle practice politics. Ahead man fund pick.,Travis Thornton,Other,11/30/21,1971-10-26T18:40:35Z,Inactive,99,75
Holly,Moses,Prof.,1443 Baldwin Court,Morrisview,Indiana,44817,Saint Martin,-14.955626,158.382396,Neighborhood,288 Jeremy Junction Suite 245,Port Samuelstad,Indiana,77040,French Southern Territories,45.7741635,87.213263,NearAddress,+1-762-217-2366x588,001-294-421-1302x45782,761.915.6268,(401)251-2704x33553,001-339-866-9581,403-072-7454x314,HoMoses2@example.org,Beyond red should family fast window. Light media stop artist art red. Position including consider.,Discuss evidence stock business. Student ground data time above leader view.,Mrs. Caitlin Rocha DDS,Other,6/27/22,1997-08-21T15:10:26Z,Matched,10,76
Pam,Waters,Prof.,542 Schneider Causeway Apt. 214,Velazquezfurt,Minnesota,96137,Slovenia,51.091756,152.511591,NearAddress,54585 James Locks,Christianview,Nevada,73573,Cyprus,-52.110539,137.25681,Block,838.661.4138x22314,982.457.3790,+1-712-312-0971x8463,484-067-5685,787-634-6849,559.963.1678x358,P.Waters5@example.net,Spring factor play size across be serve. Skin but defense security car process.,Development always country best may himself western.,Nancy Cruz,Phone Inquiry,9/9/21,1983-04-09T18:26:38Z,Skipped,21,77
Casey,Compton,Ms.,01775 Jesus Corner Apt. 421,Katrinafort,Oklahoma,59442,Czech Republic,-46.1309235,-46.228241,County,2365 Monique Loaf Apt. 544,Harrystad,Hawaii,25181,Central African Republic,51.004476,173.72165,Street,663.253.9500x47155,(804)474-7794x240,001-585-240-9610x00505,772-661-4762x5534,+1-399-259-6347x80389,(518)219-1837x66012,CaCompton1990@example.org,Pick market that beautiful energy generation. Also goal kid.,Plant election from night society without. Kind impact race both.,Dr. Adrienne Frey,Partner Referral,10/26/21,1988-04-25T22:35:06Z,Different,62,78
Brandon,Moore,Mr.,76903 Jeremy Corners,Port Robinside,Connecticut,42505,Bosnia and Herzegovina,9.8579225,118.184397,Unknown,1642 Don Ports Apt. 718,New Williehaven,California,66013,United States Virgin Islands,-46.1185795,173.69289,ExtendedZip,001-028-918-6970x079,(530)929-9152x3845,3095443709,846-769-5448x638,502641349,248-884-2883x99199,BrMoore85@example.com,Modern threat beautiful sense perform. Once speak Congress usually have right little.,Paper maintain third school guy anything more myself. Per determine see build.,Tyler Day Jr.,Partner Referral,8/23/21,1980-07-17T07:30:29Z,Skipped,58,79
Perry,Sutton,Dr.,5085 Mendoza Stravenue Apt. 965,West Tracifort,Kansas,85140,Japan,-21.500776,-19.901753,ExtendedZip,4331 Arnold Trail Suite 643,Port Victoria,Colorado,8138,Netherlands,-22.4770865,130.468682,ExtendedZip,001-685-072-2854x54513,910-045-9221,(227)628-4150x91451,3522988467,5495471675,230.818.8927,P-Sutton1992@example.net,Action across boy listen. Produce suggest debate whole. Alone organization ball design.,Marriage staff someone. Authority perhaps about animal ahead.,Mrs. Nicole Horn DDS,Purchased List,4/3/22,1983-10-12T03:38:40Z,Different,12,80
Steve,Stokes,Ms.,07129 Gallegos Trail,Nealburgh,Kansas,25715,Gabon,77.3996325,-110.935943,County,21638 Kathryn Vista Apt. 709,New Darin,Alaska,21812,Bahrain,77.710049,113.13615,Unknown,068-297-6320x97068,165.566.3818,(948)155-4007,792.939.8711x6450,(328)508-8609,001-567-877-8469x21466,S_Stokes@example.org,Hundred than large thousand husband become. Bad yard people voice.,Gun record degree worker. Loss them but perhaps number there.,Dr. Jeanette Hinton MD,Partner Referral,7/29/22,1987-06-20T12:28:20Z,Matched,3,81
Angelica,Franklin,Prof.,10787 Riley Inlet Suite 128,Ralphville,Pennsylvania,94688,Cote dIvoire,-16.347442,27.978172,City,3543 Joan Glens,Lake Felicia,Maine,51364,Marshall Islands,12.2084875,-105.51908,State,-7993,3348385541,(729)956-0053x179,966-452-6878x338,001-296-806-7985x530,(124)344-7601x154,Angelica_Franklin46@example.com,Scientist coach source computer.,Have prepare necessary size town seven send.,Mrs. Belinda Proctor PhD,Web,4/17/22,2008-08-14T04:49:52Z,Inactive,100,82
Gary,Madden,Ms.,161 Boone Plains,Lydiaburgh,Kentucky,68453,Libyan Arab Jamahiriya,19.06605,-67.635209,Address,15469 Tamara Light,Port Jeanettefurt,Maryland,12609,Saint Martin,-19.087881,31.923862,Block,774-292-8510,-6898,661-675-1773x874,-9486,745.650.8078x798,955-917-4530,Ga.Madden@example.com,Defense must religious himself attorney left performance wish. Available idea dog difference maybe.,Popular trip result. Computer couple computer ball executive.,Dr. Emma Boyle,Purchased List,9/7/21,1970-01-14T15:25:14Z,Matched,39,83
Chad,Duke,Mr.,98081 Nelson Rue,Port Melody,Alaska,95402,Colombia,-16.4239855,25.663099,Neighborhood,8893 Felicia Rest,Lake Gilbertton,Idaho,73872,Australia,-46.1725515,161.956405,Block,-3361,001-472-611-9586x5542,001-391-034-5352,(545)817-6674,637-352-7560x062,001-205-960-3187x873,C.Duke8@example.org,Main today list. Here hard marriage current. Lay age place kid.,Adult stock no arm employee class. Which field since respond project something.,Anne Moody,Phone Inquiry,6/27/22,1995-01-08T00:49:35Z,Skipped,26,84
Randy,Mercer,Mr.,7067 Stokes Turnpike,Jennymouth,Pennsylvania,53242,Montserrat,-1.5567395,-168.558514,Address,60813 Murphy Forge Suite 524,Cohenburgh,Illinois,45740,Isle of Man,51.9187385,-84.726692,Address,(766)711-6038x54617,712-286-2010x5718,803.429.9579,253-261-3939x1367,001-293-413-5566,775-744-0483,R-Mercer@example.com,Old ago just. Side travel grow degree film hair imagine per. Affect imagine officer remember occur.,Get those way drop. Across as week beat every police bit.,Norma Dyer,Phone Inquiry,12/22/21,1971-02-16T04:08:17Z,Inactive,50,85
Laura,Cuevas,Mr.,6085 Zhang Drive Suite 025,Chloemouth,New Mexico,66624,United Arab Emirates,-37.787132,-111.758289,Address,377 Moon Groves Apt. 370,Gavinchester,West Virginia,50385,Costa Rica,38.6218855,121.669458,City,860-001-7285x4023,532-621-2953,(587)412-9871x2545,(609)795-1081,+1-908-947-2601x53217,+1-922-764-7550x603,Laura-Cuevas2003@example.net,Guess with summer history run during.,Suggest improve out professional upon. Sister question class attack.,Miss Caitlyn Trujillo DDS,Phone Inquiry,8/3/21,2022-05-18T09:48:54Z,Inactive,32,86
Steve,Salas,Ms.,100 Frederick Common,New Nancy,Massachusetts,24790,Netherlands Antilles,-78.048821,-4.358769,City,33159 Russell Mill Apt. 893,Donside,North Carolina,30556,Latvia,60.9629665,-176.244649,State,470-959-4288,046-102-0435,068-358-6321x0823,001-346-019-8132x7906,(377)741-6245,8340417793,Steve+Salas1999@example.org,About arm president pull out military pass push. Might break friend piece me happen.,Before involve news mind base hundred.,Kirk Burton DVM,Other,12/22/21,2008-02-16T06:33:12Z,Matched,19,87
Lonnie,Nichols,Mr.,68594 Sandra Loaf Suite 953,Mccarthyborough,New Mexico,1552,United States Minor Outlying Islands,-56.7521945,72.024606,Street,7476 Schwartz Station,South Claire,Florida,892,Canada,-9.9479095,89.259322,Zip,(188)451-8833x01197,567-575-1636,915.933.9839x9111,(568)386-0392x697,5053996323,+1-923-831-9766x8490,LNichols77@example.com,Strong young bank party large majority. Throw thank growth should animal.,While cut field whole hour cost stuff mother.,Mr. Tyrone Khan,Purchased List,9/15/21,1980-10-26T02:06:25Z,Inactive,48,88
Rita,Mays,Prof.,523 Bill Garden,Bishopport,Illinois,10107,Faroe Islands,-0.6858155,114.193721,Block,83258 Katelyn Orchard Suite 346,New Arielstad,Texas,72647,Germany,-22.035157,-39.847844,Neighborhood,001-963-922-4024x9966,+1-790-625-3134x305,+1-346-767-9507x296,408-997-3064x448,+1-668-948-8194x148,001-160-266-5480x2970,R_Mays1952@example.com,Reduce herself catch on movement bag room. Unit capital well type figure.,Major billion gun perhaps event avoid side.,Dr. Kelly Le III,Other,7/19/22,1975-08-03T21:32:37Z,Pending,61,89
Miranda,Oliver,Dr.,096 Turner Camp Suite 850,Lake Megantown,Pennsylvania,52620,Pakistan,-5.253973,-128.206544,Unknown,15392 Torres Harbor Suite 016,Higginsport,Kentucky,15555,Argentina,-37.4561055,33.597516,Unknown,999-117-3156x2767,+1-777-915-7198x1600,001-750-182-1835x8212,440-084-0156x62911,(346)134-4299x29401,258.246.0621,Mi_Oliver5@example.com,Occur actually actually be level evidence. Single easy TV team leave guess.,Role avoid throughout church last public bag. Almost market one town very area.,Vicki Richards,Other,4/14/22,1984-12-27T11:42:58Z,NotFound,67,90
Joy,Petty,Ms.,0701 Crosby Inlet,Geneland,North Dakota,63723,Congo,86.353186,96.951766,Address,5024 Corey Fall,Michealborough,Hawaii,78441,Syrian Arab Republic,-16.969277,-33.124314,Street,411.182.1625x95166,795-972-6399,(473)124-6770x636,582-618-8821,7709837816,252-640-0979x133,Joy-Petty@example.org,Against left southern. Best policy simply policy.,Any enter south only use. Change hot myself hard because represent watch.,Amanda Keith MD,Purchased List,10/16/21,1978-01-06T09:34:01Z,NotFound,1,91
Bonnie,Patel,Ms.,2876 Alejandra Passage,Wesleybury,Virginia,21823,Mauritius,31.083128,33.150737,Block,117 Max Alley,Hintonbury,Vermont,92175,Maldives,16.552645,32.793759,Address,(132)851-1983x5606,001-520-516-2116x094,088-333-7771x1479,001-254-476-4845x152,+1-431-623-8199x8377,119.236.1489x43343,Bo+Patel1952@example.com,Only rule cell. Large help mouth to result employee.,Process challenge meeting these return staff number.,Ricky Davila PhD,Other,9/10/21,1980-06-24T08:40:02Z,Matched,84,92
Susan,Lozano,Ms.,198 Joe Isle Apt. 152,Codyberg,Virginia,31751,Sri Lanka,-21.289678,0.511726,Address,66103 Wallace Street Apt. 163,Guyburgh,Montana,25544,Saint Pierre and Miquelon,51.438089,176.027901,Zip,001-829-071-3420x7437,001-484-912-4508x3056,001-724-602-3528,001-738-493-3159x80034,(642)354-3397x435,001-256-853-0048,Su-Lozano49@example.org,Music first simple order shoulder generation. Form law actually purpose. That as me require yeah.,Significant happen then modern idea. Follow major street serious the.,Dr. Connie Mora DDS,Other,4/23/22,2020-09-03T01:40:33Z,Skipped,6,93
Melody,Maddox,Ms.,517 Hunter Drives Suite 625,Prestonton,West Virginia,84757,Malawi,53.307633,139.739936,Address,9225 Rose Tunnel Suite 530,West Molly,North Dakota,28457,Marshall Islands,-44.2598585,26.260193,County,001-103-752-6203x80682,001-512-189-1413x5254,001-026-036-3296x397,890.130.4609,086-918-4607x908,001-811-585-7923x988,MMaddox@example.org,Open others college section. Money your likely sense tend idea reason.,Up yes institution. Sound weight like national box.,Marc Saunders PhD,Purchased List,8/13/21,1979-03-07T22:49:07Z,Acknowledged,77,94
Francisco,Miller,Dr.,736 Dennis Mill,Yeseniaborough,Delaware,82339,Sierra Leone,78.0407225,142.204672,ExtendedZip,65232 Hamilton Ports,New Amyberg,Maine,21751,Holy See (Vatican City State),-38.872922,-131.95623,State,+1-448-816-0177x8474,018.254.9623x94608,619.708.3001,(937)072-8853,838.594.2554x967,5899252643,FrMiller9@example.com,Road article perform realize front exist. Why last step team century whether push.,Color oil race director imagine speak. These product test follow couple.,Kathleen Knapp PhD,Partner Referral,10/17/21,2013-01-17T21:40:54Z,Inactive,53,95
Elizabeth,Floyd,Mr.,9340 Sanford Crest Suite 618,South Marthafurt,Wisconsin,99126,Benin,30.059247,114.336811,Block,513 Thornton Trace Apt. 458,East Laura,Nebraska,94263,Bouvet Island (Bouvetoya),-5.1692175,-177.202359,State,001-221-179-8124,088-371-2298x937,001-275-165-1825x6056,(859)475-3330,+1-172-968-0983x2822,+1-866-402-0592x059,EFloyd97@example.com,Social above least evening both time. Large source picture economic. Board each against media her.,Land build record cup us themselves. Find activity seek job.,Abigail Maldonado,Purchased List,5/18/22,1988-11-26T22:29:02Z,Inactive,60,96
Kylie,Perkins,Dr.,73248 Mcneil Spur Apt. 626,South Eddiehaven,Idaho,11639,Thailand,12.6131605,34.261162,Zip,042 Shelby Club,East Jerometon,Connecticut,51600,Finland,-4.398636,-18.837695,Unknown,001-691-857-6051,170-844-7293x78595,252.659.6622x75367,+1-515-280-0258x50181,(017)658-2331,747.121.6285,KPerkins5@example.org,Brother speech to out win. Item mention answer crime quality TV analysis.,Congress good sure thousand be. Hundred buy culture plan. He employee support.,Taylor Mills MD,Other,8/7/21,1982-05-28T01:16:22Z,Pending,15,97
Anthony,Greer,Mr.,914 Keller Plaza Suite 124,Caldwellport,South Carolina,45179,Mali,6.499824,-103.937964,Neighborhood,688 Judith Squares,Pamelaton,Hawaii,25363,Bouvet Island (Bouvetoya),-15.1516385,140.553615,Unknown,(166)727-5600x56321,(246)772-5731x645,060.009.4331x72076,519.163.8309x9299,659-348-7945x400,+1-997-936-8229x51761,AnGreer2@example.net,Its head imagine. Note go wear a. Add health inside effort even five.,Before nature billion time fear political. History never board chair film.,Kaitlyn Holden PhD,Phone Inquiry,5/3/22,1993-02-12T07:04:47Z,NotFound,94,98
Judith,Cooley,Ms.,802 Andrew Mount,Contrerasshire,Iowa,56631,Romania,-86.330729,19.771418,NearAddress,396 Fritz Land,New Tonya,Virginia,70973,Denmark,-83.8261305,-73.657977,City,+1-836-437-7329x76741,7878338948,(859)433-4078,971-854-7427x105,397-050-9953x09794,(351)478-8555x7131,Ju_Cooley1983@example.com,"Pay start garden.
Responsibility trip bed. Common second expert cell goal religious power.",Education law year next leader. Cultural design food carry away cut certain.,Tiffany Benjamin DDS,Phone Inquiry,2/11/22,1970-12-05T17:45:27Z,Inactive,25,99
Wyatt,Dodson,Ms.,760 Johnathan Fort,Tanyahaven,Idaho,89928,Finland,-21.933879,-46.454928,State,83182 Pittman Fords Apt. 337,Port Traciefort,Alabama,41494,Papua New Guinea,81.519616,-175.934248,Zip,(922)240-7669,440-028-6661x79362,8093713948,+1-654-810-4415x9850,001-642-493-8561,096.907.6100x73391,WyattDodson01@example.net,"After standard easy case.
Appear remember explain among cut security. A base shake nature.",Soldier decision sound ahead technology.,Karl Sanchez,Web,9/8/21,2012-03-24T17:24:29Z,Pending,36,100